Time,Hybrid,Classic
0.009847512985229491,0.0,1.0
0.010206527648925781,0.0,1.0
0.010277768478393555,0.0,1.0
0.010417536209106446,0.0,1.0
0.010420131530761718,0.0,1.0
0.010756314102172851,0.0,1.0
0.010938176818847655,0.0,1.0
0.010948332870483399,0.0,1.0
0.010991194854736328,0.0,1.0
0.010991972427368164,0.0,1.0
0.010999555297851562,0.0,1.0
0.011001362075805664,0.0,1.0
0.011002032333374023,0.0,1.0
0.011002753173828126,0.0,1.0
0.01101036898803711,0.0,1.0
0.011012753173828126,0.0,1.0
0.011013549911499025,0.0,1.0
0.011014059494018555,0.0,1.0
0.011014641357421875,0.0,1.0
0.011017859283447265,0.0,1.0
0.011035813079833985,0.0,1.0
0.011037440063476562,0.0,1.0
0.011039808700561524,0.0,1.0
0.011040026748657226,0.0,1.0
0.01104089456176758,0.0,1.0
0.011045242065429688,0.0,1.0
0.011053507965087892,0.0,1.0
0.011056059494018555,0.0,1.0
0.01105743327331543,0.0,1.0
0.011058405960083008,0.0,1.0
0.011063437774658203,0.0,1.0
0.011065425384521484,0.0,1.0
0.01106555827331543,0.0,1.0
0.011066153472900391,0.0,1.0
0.011076262756347656,0.0,1.0
0.011076379394531249,0.0,1.0
0.01107734391784668,0.0,1.0
0.011089965637207032,0.0,1.0
0.011092337448120116,0.0,1.0
0.011094351028442383,0.0,1.0
0.01109572625732422,0.0,1.0
0.011099880981445312,0.0,1.0
0.011104882186889648,0.0,1.0
0.011107323867797851,0.0,1.0
0.011108135391235351,0.0,1.0
0.01111131414794922,0.0,1.0
0.011111543121337891,0.0,1.0
0.011112438095092773,0.0,1.0
0.011113761169433594,0.0,1.0
0.01111581155395508,0.0,1.0
0.011118842330932617,0.0,1.0
0.011119571365356445,0.0,1.0
0.01112265133666992,0.0,1.0
0.01112275799560547,0.0,1.0
0.011122914932250977,0.0,1.0
0.01112532748413086,0.0,1.0
0.011127555938720704,0.0,1.0
0.011130141296386717,0.0,1.0
0.011131967727661132,0.0,1.0
0.011132423110961914,0.0,1.0
0.011133812316894531,0.0,1.0
0.011139380722045898,0.0,1.0
0.01114009553527832,0.0,1.0
0.01114059864807129,0.0,1.0
0.011142544326782227,0.0,1.0
0.011142986007690429,0.0,1.0
0.011145242111206054,0.0,1.0
0.011147329452514648,0.0,1.0
0.011148842651367188,0.0,1.0
0.011148925704956054,0.0,1.0
0.011155276336669922,0.0,1.0
0.01115563005065918,0.0,1.0
0.011157438095092773,0.0,1.0
0.011161530746459961,0.0,1.0
0.011164472045898438,0.0,1.0
0.011167934982299805,0.0,1.0
0.011170092300415038,0.0,1.0
0.011170166931152343,0.0,1.0
0.011174286743164062,0.0,1.0
0.011175509170532227,0.0,1.0
0.011175965637207031,0.0,1.0
0.011178076568603515,0.0,1.0
0.011178320693969726,0.0,1.0
0.011179729629516601,0.0,1.0
0.011180248413085937,0.0,1.0
0.011187289916992188,0.0,1.0
0.011189824630737305,0.0,1.0
0.011196529067993163,0.0,1.0
0.011200202087402345,0.0,1.0
0.011212670928955079,0.0,1.0
0.011214554611206054,0.0,1.0
0.01121575112915039,0.0,1.0
0.011219142181396484,0.0,1.0
0.011221530746459962,0.0,1.0
0.011227190795898439,0.0,1.0
0.011228144470214843,0.0,1.0
0.011234166534423828,0.0,1.0
0.011238259063720703,0.0,1.0
0.011241524612426756,0.0,1.0
0.011253178421020507,0.0,1.0
0.011253664138793945,0.0,1.0
0.011253893676757812,0.0,1.0
0.011268675628662109,0.0,1.0
0.01127320558166504,0.0,1.0
0.011274397674560547,0.0,1.0
0.01127463609313965,0.0,1.0
0.011280358139038086,0.0,1.0
0.011281461776733398,0.0,1.0
0.01129423812866211,0.0,1.0
0.011303292648315429,0.0,1.0
0.011303484741210937,0.0,1.0
0.011306107345581054,0.0,1.0
0.01131159097290039,0.0,1.0
0.011317074600219726,0.0,1.0
0.011319697204589843,0.0,1.0
0.011323942413330079,0.0,1.0
0.011325849761962891,0.0,1.0
0.011330187622070314,0.0,1.0
0.01133214129638672,0.0,1.0
0.011334432830810547,0.0,1.0
0.01133447915649414,0.0,1.0
0.011335141296386717,0.0,1.0
0.01133590966796875,0.0,1.0
0.011342300643920899,0.0,1.0
0.011343062225341797,0.0,1.0
0.01134587692260742,0.0,1.0
0.011349022689819336,0.0,1.0
0.011351645294189453,0.0,1.0
0.01135283738708496,0.0,1.0
0.011354506317138672,0.0,1.0
0.011356890502929689,0.0,1.0
0.011361182037353515,0.0,1.0
0.01136189729309082,0.0,1.0
0.011363804641723634,0.0,1.0
0.011380017105102539,0.0,1.0
0.011383898498535156,0.0,1.0
0.011384070220947265,0.0,1.0
0.011384308639526367,0.0,1.0
0.011384500732421875,0.0,1.0
0.011386454406738281,0.0,1.0
0.011387646499633789,0.0,1.0
0.011389077011108398,0.0,1.0
0.011391799057006836,0.0,1.0
0.01139551431274414,0.0,1.0
0.011395660079956054,0.0,1.0
0.011398136917114257,0.0,1.0
0.011398375335693359,0.0,1.0
0.011400521102905273,0.0,1.0
0.011401713195800781,0.0,1.0
0.011403574218749999,0.0,1.0
0.01140624314880371,0.0,1.0
0.011407150497436524,0.0,1.0
0.011409296264648438,0.0,1.0
0.011409773101806641,0.0,1.0
0.011410203613281251,0.0,1.0
0.011410534683227539,0.0,1.0
0.011411249938964843,0.0,1.0
0.011412395706176758,0.0,1.0
0.011415779891967773,0.0,1.0
0.011418164077758789,0.0,1.0
0.011420548263549804,0.0,1.0
0.011420740356445313,0.0,1.0
0.011422647705078125,0.0,1.0
0.01142360137939453,0.0,1.0
0.011427654495239258,0.0,1.0
0.011427700820922851,0.0,1.0
0.011429608169555664,0.0,1.0
0.011430323425292968,0.0,1.0
0.011432707611083984,0.0,1.0
0.011433959609985353,0.0,1.0
0.011441396911621094,0.0,1.0
0.011441575424194335,0.0,1.0
0.01144439012145996,0.0,1.0
0.0114495890045166,0.0,1.0
0.011450350585937501,0.0,1.0
0.011450396911621094,0.0,1.0
0.011451542678833007,0.0,1.0
0.011451781097412109,0.0,1.0
0.011452973190307617,0.0,1.0
0.011453926864624025,0.0,1.0
0.011455118957519531,0.0,1.0
0.01145531105041504,0.0,1.0
0.011455834213256836,0.0,1.0
0.011459317840576173,0.0,1.0
0.01146007942199707,0.0,1.0
0.01146107942199707,0.0,1.0
0.011462463607788086,0.0,1.0
0.011462986770629884,0.0,1.0
0.011463702026367187,0.0,1.0
0.011464370956420899,0.0,1.0
0.011465132537841797,0.0,1.0
0.011465231979370116,0.0,1.0
0.011465563049316405,0.0,1.0
0.011465801467895508,0.0,1.0
0.011466755142211914,0.0,1.0
0.01146680146789551,0.0,1.0
0.011467993560791015,0.0,1.0
0.011468231979370117,0.0,1.0
0.011469900909423828,0.0,1.0
0.011470093002319336,0.0,1.0
0.01147029867553711,0.0,1.0
0.011472046676635742,0.0,1.0
0.011472761932373047,0.0,1.0
0.011473384536743165,0.0,1.0
0.011475622955322265,0.0,1.0
0.011475815048217772,0.0,1.0
0.011475815048217774,0.0,1.0
0.011476338211059572,0.0,1.0
0.01147919923400879,0.0,1.0
0.0114808681640625,0.0,1.0
0.011484206024169922,0.0,1.0
0.011484444442749025,0.0,1.0
0.011484636535644532,0.0,1.0
0.011484921279907226,0.0,1.0
0.011484921279907228,0.0,1.0
0.011489212814331054,0.0,1.0
0.011489212814331056,0.0,1.0
0.011489689651489257,0.0,1.0
0.011489928070068359,0.0,1.0
0.01148992807006836,0.0,1.0
0.01149159700012207,0.0,1.0
0.011491835418701172,0.0,1.0
0.011492027511596678,0.0,1.0
0.011492073837280273,0.0,1.0
0.011492742767333985,0.0,1.0
0.011492789093017578,0.0,1.0
0.011493742767333984,0.0,1.0
0.01149469644165039,0.0,1.0
0.011495650115966797,0.0,1.0
0.011496319046020506,0.0,1.0
0.011496365371704103,0.0,1.0
0.011496603790283203,0.0,1.0
0.011496842208862304,0.0,1.0
0.011497319046020507,0.0,1.0
0.011498034301757812,0.0,1.0
0.01149922639465332,0.0,1.0
0.011500372161865235,0.0,1.0
0.011502564254760742,0.0,1.0
0.011505186859130859,0.0,1.0
0.011505378952026368,0.0,1.0
0.01150542527770996,0.0,1.0
0.011505902114868164,0.0,1.0
0.01150685578918457,0.0,1.0
0.011507094207763672,0.0,1.0
0.01150728630065918,0.0,1.0
0.011507524719238282,0.0,1.0
0.01150828630065918,0.0,1.0
0.01150871681213379,0.0,1.0
0.011510432067871093,0.0,1.0
0.011510908905029298,0.0,1.0
0.011511147323608398,0.0,1.0
0.011511769927978517,0.0,1.0
0.011511862579345705,0.0,1.0
0.011512100997924804,0.0,1.0
0.011512816253662109,0.0,1.0
0.01151324676513672,0.0,1.0
0.01151458462524414,0.0,1.0
0.011514962020874023,0.0,1.0
0.011515154113769532,0.0,1.0
0.011515392532348633,0.0,1.0
0.011515438858032226,0.0,1.0
0.011515869369506835,0.0,1.0
0.011516061462402343,0.0,1.0
0.011516630950927734,0.0,1.0
0.011516869369506836,0.0,1.0
0.011517107788085937,0.0,1.0
0.011517299880981446,0.0,1.0
0.011518061462402343,0.0,1.0
0.01151825355529785,0.0,1.0
0.011519591415405274,0.0,1.0
0.011521876159667968,0.0,1.0
0.011522114578247072,0.0,1.0
0.01152354508972168,0.0,1.0
0.01152407504272461,0.0,1.0
0.011524452438354493,0.0,1.0
0.011524498764038087,0.0,1.0
0.01152521401977539,0.0,1.0
0.01152664453125,0.0,1.0
0.011527359786987304,0.0,1.0
0.01152850555419922,0.0,1.0
0.011529220809936524,0.0,1.0
0.011529459228515625,0.0,1.0
0.011531366577148438,0.0,1.0
0.011534035507202148,0.0,1.0
0.01153427392578125,0.0,1.0
0.011534466018676758,0.0,1.0
0.011538327041625976,0.0,1.0
0.011538757553100586,0.0,1.0
0.011539757553100586,0.0,1.0
0.011539995971679687,0.0,1.0
0.011540234390258789,0.0,1.0
0.011541188064575197,0.0,1.0
0.011542095413208008,0.0,1.0
0.011542141738891601,0.0,1.0
0.011543525924682618,0.0,1.0
0.01154376434326172,0.0,1.0
0.011544148529052735,0.0,1.0
0.011544956436157227,0.0,1.0
0.011546194854736328,0.0,1.0
0.01154643327331543,0.0,1.0
0.011547340621948243,0.0,1.0
0.011548579040527345,0.0,1.0
0.011549294296264648,0.0,1.0
0.011551870574951172,0.0,1.0
0.011551916900634765,0.0,1.0
0.011552108993530274,0.0,1.0
0.011552393737792968,0.0,1.0
0.011552585830688475,0.0,1.0
0.011552585830688477,0.0,1.0
0.011553824249267578,0.0,1.0
0.011554539505004882,0.0,1.0
0.011554777923583984,0.0,1.0
0.011555493179321289,0.0,1.0
0.01155573159790039,0.0,1.0
0.011555923690795899,0.0,1.0
0.011556162109375,0.0,1.0
0.011557162109375001,0.0,1.0
0.01155759262084961,0.0,1.0
0.011557877365112304,0.0,1.0
0.01155859262084961,0.0,1.0
0.011558831039428712,0.0,1.0
0.01155926155090332,0.0,1.0
0.011559307876586914,0.0,1.0
0.011561453643798828,0.0,1.0
0.011561930480957031,0.0,1.0
0.011562360992431641,0.0,1.0
0.011562884155273437,0.0,1.0
0.011563268341064453,0.0,1.0
0.011563837829589843,0.0,1.0
0.011564314666748047,0.0,1.0
0.011564983596801758,0.0,1.0
0.011565745178222656,0.0,1.0
0.011566698852539062,0.0,1.0
0.011567414108276367,0.0,1.0
0.01156908303833008,0.0,1.0
0.011569798294067382,0.0,1.0
0.011570705642700194,0.0,1.0
0.011570944061279296,0.0,1.0
0.011571182479858399,0.0,1.0
0.011571467224121095,0.0,1.0
0.011572136154174805,0.0,1.0
0.011573612991333007,0.0,1.0
0.01157408982849121,0.0,1.0
0.011574997177124024,0.0,1.0
0.011576142944335939,0.0,1.0
0.011576474014282226,0.0,1.0
0.011577666107177734,0.0,1.0
0.011578003967285156,0.0,1.0
0.011578142944335939,0.0,1.0
0.011579527130126954,0.0,1.0
0.01158005029296875,0.0,1.0
0.011581003967285156,0.0,1.0
0.011581196060180664,0.0,1.0
0.01158124238586426,0.0,1.0
0.011583149734497072,0.0,1.0
0.011583341827392577,0.0,1.0
0.011583626571655273,0.0,1.0
0.011584533920288086,0.0,1.0
0.011584580245971681,0.0,1.0
0.011585533920288086,0.0,1.0
0.011587918106079101,0.0,1.0
0.011588587036132811,0.0,1.0
0.011589110198974609,0.0,1.0
0.011589587036132812,0.0,1.0
0.01159054071044922,0.0,1.0
0.011591640151977538,0.0,1.0
0.011591686477661131,0.0,1.0
0.011591686477661133,0.0,1.0
0.011592163314819336,0.0,1.0
0.011592686477661132,0.0,1.0
0.011593163314819336,0.0,1.0
0.01159387857055664,0.0,1.0
0.011594070663452149,0.0,1.0
0.011595070663452148,0.0,1.0
0.01159530908203125,0.0,1.0
0.011596931686401368,0.0,1.0
0.011597170104980467,0.0,1.0
0.011597693267822265,0.0,1.0
0.011598362197875977,0.0,1.0
0.011598600616455079,0.0,1.0
0.011598885360717773,0.0,1.0
0.011598931686401368,0.0,1.0
0.011599123779296875,0.0,1.0
0.011599315872192383,0.0,1.0
0.011599362197875976,0.0,1.0
0.011600077453613281,0.0,1.0
0.011600315872192384,0.0,1.0
0.011600746383666993,0.0,1.0
0.01160150796508789,0.0,1.0
0.011601984802246093,0.0,1.0
0.011603130569458006,0.0,1.0
0.011603176895141601,0.0,1.0
0.011603415313720703,0.0,1.0
0.011603653732299804,0.0,1.0
0.01160503791809082,0.0,1.0
0.011606514755249025,0.0,1.0
0.011606706848144532,0.0,1.0
0.011606991592407226,0.0,1.0
0.011607230010986328,0.0,1.0
0.011609137359619142,0.0,1.0
0.011609375778198244,0.0,1.0
0.011610091033935547,0.0,1.0
0.011611011962890624,0.0,1.0
0.01161286619567871,0.0,1.0
0.01161366731262207,0.0,1.0
0.01161409782409668,0.0,1.0
0.011614620986938476,0.0,1.0
0.011615574661254882,0.0,1.0
0.011616051498413086,0.0,1.0
0.011616051498413087,0.0,1.0
0.011616289916992187,0.0,1.0
0.011616720428466797,0.0,1.0
0.011617197265625,0.0,1.0
0.011617243591308593,0.0,1.0
0.0116174356842041,0.0,1.0
0.011620104614257812,0.0,1.0
0.011620819869995117,0.0,1.0
0.011621058288574218,0.0,1.0
0.01162172721862793,0.0,1.0
0.011622250381469726,0.0,1.0
0.011622680892944336,0.0,1.0
0.011623157730102538,0.0,1.0
0.011623634567260743,0.0,1.0
0.011623680892944337,0.0,1.0
0.011624634567260744,0.0,1.0
0.011625349822998048,0.0,1.0
0.011625588241577148,0.0,1.0
0.011627018753051757,0.0,1.0
0.011627257171630859,0.0,1.0
0.01162768768310547,0.0,1.0
0.011627734008789064,0.0,1.0
0.011628548706054688,0.0,1.0
0.01162935661315918,0.0,1.0
0.011629595031738282,0.0,1.0
0.011630595031738281,0.0,1.0
0.01163102554321289,0.0,1.0
0.011631502380371092,0.0,1.0
0.01163155549621582,0.0,1.0
0.011632979217529298,0.0,1.0
0.011633886566162108,0.0,1.0
0.011634601821899414,0.0,1.0
0.01163555549621582,0.0,1.0
0.011636317077636718,0.0,1.0
0.01163655549621582,0.0,1.0
0.011636793914794922,0.0,1.0
0.011636939682006835,0.0,1.0
0.011637032333374023,0.0,1.0
0.011637608612060547,0.0,1.0
0.011637747589111328,0.0,1.0
0.011637939682006836,0.0,1.0
0.011639370193481446,0.0,1.0
0.011639893356323242,0.0,1.0
0.011641039123535157,0.0,1.0
0.011641277542114258,0.0,1.0
0.011641562286376953,0.0,1.0
0.011641992797851561,0.0,1.0
0.011642039123535156,0.0,1.0
0.011645330657958985,0.0,1.0
0.01164604591369629,0.0,1.0
0.01164704591369629,0.0,1.0
0.011648099029541014,0.0,1.0
0.011648238006591797,0.0,1.0
0.011648476425170898,0.0,1.0
0.011648668518066407,0.0,1.0
0.011648953262329101,0.0,1.0
0.011649383773803711,0.0,1.0
0.011649622192382813,0.0,1.0
0.011650145355224609,0.0,1.0
0.011650622192382814,0.0,1.0
0.011651575866699218,0.0,1.0
0.011653198471069336,0.0,1.0
0.01165367530822754,0.0,1.0
0.011654152145385743,0.0,1.0
0.011654390563964844,0.0,1.0
0.01165448321533203,0.0,1.0
0.011655059494018556,0.0,1.0
0.011655105819702149,0.0,1.0
0.011655152145385744,0.0,1.0
0.01165701316833496,0.0,1.0
0.011657774749755859,0.0,1.0
0.01165844367980957,0.0,1.0
0.011658682098388672,0.0,1.0
0.011658874191284179,0.0,1.0
0.01165920526123047,0.0,1.0
0.011659351028442382,0.0,1.0
0.011659397354125977,0.0,1.0
0.01165944367980957,0.0,1.0
0.011659635772705077,0.0,1.0
0.011659920516967773,0.0,1.0
0.011660589447021483,0.0,1.0
0.011660589447021485,0.0,1.0
0.011662258377075196,0.0,1.0
0.011662688888549804,0.0,1.0
0.011662735214233399,0.0,1.0
0.01166440414428711,0.0,1.0
0.011665119400024414,0.0,1.0
0.01166516572570801,0.0,1.0
0.01166607307434082,0.0,1.0
0.011666742004394532,0.0,1.0
0.011666788330078125,0.0,1.0
0.011667073074340822,0.0,1.0
0.01166750358581543,0.0,1.0
0.011668026748657226,0.0,1.0
0.011669126190185546,0.0,1.0
0.011669172515869141,0.0,1.0
0.011669934097290039,0.0,1.0
0.011672079864501953,0.0,1.0
0.011672271957397461,0.0,1.0
0.01167303353881836,0.0,1.0
0.01167346405029297,0.0,1.0
0.011674186096191407,0.0,1.0
0.011674464050292968,0.0,1.0
0.011674894561767579,0.0,1.0
0.01167656349182129,0.0,1.0
0.01167780191040039,0.0,1.0
0.011678755584716797,0.0,1.0
0.011679424514770508,0.0,1.0
0.01167966293334961,0.0,1.0
0.011679709259033203,0.0,1.0
0.011680477630615235,0.0,1.0
0.01168090135192871,0.0,1.0
0.01168109344482422,0.0,1.0
0.011682523956298829,0.0,1.0
0.01168276237487793,0.0,1.0
0.011682808700561523,0.0,1.0
0.011683047119140625,0.0,1.0
0.011683239212036133,0.0,1.0
0.011683477630615235,0.0,1.0
0.011684716049194336,0.0,1.0
0.011685623397827149,0.0,1.0
0.011687053909301756,0.0,1.0
0.011687053909301758,0.0,1.0
0.011687338653564455,0.0,1.0
0.011688007583618164,0.0,1.0
0.011689246002197265,0.0,1.0
0.011689722839355468,0.0,1.0
0.011690199676513672,0.0,1.0
0.011691107025146485,0.0,1.0
0.011693252792358397,0.0,1.0
0.011693299118041992,0.0,1.0
0.011693537536621093,0.0,1.0
0.011693968048095704,0.0,1.0
0.011695398559570313,0.0,1.0
0.011697067489624022,0.0,1.0
0.011697782745361329,0.0,1.0
0.011697829071044922,0.0,1.0
0.01169788218688965,0.0,1.0
0.01169878274536133,0.0,1.0
0.01169945167541504,0.0,1.0
0.011700166931152344,0.0,1.0
0.011700835861206054,0.0,1.0
0.011702597442626953,0.0,1.0
0.01170398162841797,0.0,1.0
0.011704657348632814,0.0,1.0
0.011704935302734375,0.0,1.0
0.011707604232788086,0.0,1.0
0.011708273162841797,0.0,1.0
0.011709273162841798,0.0,1.0
0.01170975,0.0,1.0
0.011709942092895506,0.0,1.0
0.01171018051147461,0.0,1.0
0.011710657348632813,0.0,1.0
0.011711372604370118,0.0,1.0
0.01171161102294922,0.0,1.0
0.011712564697265625,0.0,1.0
0.011712803115844727,0.0,1.0
0.011712863021850586,0.0,1.0
0.011712895767211915,0.0,1.0
0.011713041534423829,0.0,1.0
0.011714425720214843,0.0,1.0
0.011715233627319336,0.0,1.0
0.011715425720214844,0.0,1.0
0.011715863021850586,0.0,1.0
0.011717856231689453,0.0,1.0
0.011718048324584961,0.0,1.0
0.011719525161743164,0.0,1.0
0.011720194091796874,0.0,1.0
0.011720240417480468,0.0,1.0
0.011723531951904296,0.0,1.0
0.011724293533325195,0.0,1.0
0.011725485626220703,0.0,1.0
0.011725962463378906,0.0,1.0
0.011730684509277344,0.0,1.0
0.011731399765014649,0.0,1.0
0.01173163818359375,0.0,1.0
0.011734737625122069,0.0,1.0
0.011734976043701172,0.0,1.0
0.011735214462280274,0.0,1.0
0.011735260787963869,0.0,1.0
0.011735452880859375,0.0,1.0
0.01173573762512207,0.0,1.0
0.011735976043701173,0.0,1.0
0.011737025344848632,0.0,1.0
0.011737837066650391,0.0,1.0
0.011738121810913086,0.0,1.0
0.01174212860107422,0.0,1.0
0.01174236701965332,0.0,1.0
0.01174379753112793,0.0,1.0
0.011743843856811525,0.0,1.0
0.011744049530029298,0.0,1.0
0.011744320693969726,0.0,1.0
0.01174479753112793,0.0,1.0
0.01174522804260254,0.0,1.0
0.011745274368286132,0.0,1.0
0.011745466461181641,0.0,1.0
0.011745989624023437,0.0,1.0
0.01174832748413086,0.0,1.0
0.011749281158447266,0.0,1.0
0.01174975799560547,0.0,1.0
0.011751903762817383,0.0,1.0
0.011753619018554687,0.0,1.0
0.011754049530029296,0.0,1.0
0.01175646176147461,0.0,1.0
0.011759579483032226,0.0,1.0
0.011760248413085938,0.0,1.0
0.011761202087402344,0.0,1.0
0.011764268783569336,0.0,1.0
0.011764301528930664,0.0,1.0
0.011764778366088868,0.0,1.0
0.011765493621826172,0.0,1.0
0.011766162551879882,0.0,1.0
0.011767685714721681,0.0,1.0
0.011768354644775391,0.0,1.0
0.011769069900512696,0.0,1.0
0.011769618255615235,0.0,1.0
0.0117700235748291,0.0,1.0
0.011770308319091798,0.0,1.0
0.011772646179199217,0.0,1.0
0.011776745620727539,0.0,1.0
0.011776798736572265,0.0,1.0
0.011778129806518555,0.0,1.0
0.011779037155151367,0.0,1.0
0.011779368225097658,0.0,1.0
0.011779606643676757,0.0,1.0
0.011781150177001954,0.0,1.0
0.011781706085205079,0.0,1.0
0.011786428131103517,0.0,1.0
0.011790289154052735,0.0,1.0
0.011791242828369141,0.0,1.0
0.011791911758422851,0.0,1.0
0.011801686920166017,0.0,1.0
0.011803210083007814,0.0,1.0
0.011803879013061524,0.0,1.0
0.011808885803222657,0.0,1.0
0.01180936264038086,0.0,1.0
0.011810793151855467,0.0,1.0
0.011813177337646485,0.0,1.0
0.011814846267700196,0.0,1.0
0.011815799942016602,0.0,1.0
0.01182009147644043,0.0,1.0
0.011821568313598632,0.0,1.0
0.01182319091796875,0.0,1.0
0.011823429336547852,0.0,1.0
0.011823667755126954,0.0,1.0
0.011824621429443358,0.0,1.0
0.011826767196655274,0.0,1.0
0.011826813522338867,0.0,1.0
0.011826959289550782,0.0,1.0
0.0118295818939209,0.0,1.0
0.01183359197998047,0.0,1.0
0.011837257614135743,0.0,1.0
0.011843673782348633,0.0,1.0
0.011845270431518555,0.0,1.0
0.011847898620605469,0.0,1.0
0.011852861053466796,0.0,1.0
0.011852905090332032,0.0,1.0
0.011854900588989258,0.0,1.0
0.0118559461517334,0.0,1.0
0.011872543563842774,0.0,1.0
0.011874643005371095,0.0,1.0
0.011874689331054688,0.0,1.0
0.011876270431518553,0.0,1.0
0.0118774306640625,0.0,1.0
0.01187805238342285,0.0,1.0
0.011880504028320313,0.0,1.0
0.011881411376953126,0.0,1.0
0.011882088867187501,0.0,1.0
0.011885179748535157,0.0,1.0
0.011891503265380859,0.0,1.0
0.011893093887329101,0.0,1.0
0.011893780899047851,0.0,1.0
0.011895477310180664,0.0,1.0
0.011896006057739258,0.0,1.0
0.0118996416015625,0.0,1.0
0.01190015379333496,0.0,1.0
0.01190258430480957,0.0,1.0
0.011905968490600587,0.0,1.0
0.011910354888916015,0.0,1.0
0.011910550796508788,0.0,1.0
0.011910975280761718,0.0,1.0
0.011915231781005859,0.0,1.0
0.011916232986450195,0.0,1.0
0.011917272842407227,0.0,1.0
0.011917651000976564,0.0,1.0
0.011919617492675783,0.0,1.0
0.011924994247436524,0.0,1.0
0.011929287185668946,0.0,1.0
0.011929861862182617,0.0,1.0
0.01193310188293457,0.0,1.0
0.011933127075195313,0.0,1.0
0.01193377684020996,0.0,1.0
0.011933863464355468,0.0,1.0
0.011934009231567384,0.0,1.0
0.011934431869506835,0.0,1.0
0.011936962905883789,0.0,1.0
0.011937916580200197,0.0,1.0
0.011944115463256837,0.0,1.0
0.01194697508239746,0.0,1.0
0.011948770935058594,0.0,1.0
0.011950029602050782,0.0,1.0
0.011950791183471681,0.0,1.0
0.011952174606323243,0.0,1.0
0.011954844299316406,0.0,1.0
0.011954855590820313,0.0,1.0
0.011957121490478515,0.0,1.0
0.011958963027954102,0.0,1.0
0.011959374252319336,0.0,1.0
0.011963441513061522,0.0,1.0
0.01196748048400879,0.0,1.0
0.011967957321166992,0.0,1.0
0.011969130416870118,0.0,1.0
0.011969864669799804,0.0,1.0
0.01197124885559082,0.0,1.0
0.011974744094848633,0.0,1.0
0.011977101364135743,0.0,1.0
0.011980116668701173,0.0,1.0
0.011981963348388672,0.0,1.0
0.011983717819213868,0.0,1.0
0.011992625732421875,0.0,1.0
0.011992688735961914,0.0,1.0
0.01199560041809082,0.0,1.0
0.011999329055786132,0.0,1.0
0.012008569000244142,0.0,1.0
0.01200910968017578,0.0,1.0
0.012010872665405273,0.0,1.0
0.012014522232055664,0.0,1.0
0.01201744107055664,0.0,1.0
0.012018694152832032,0.0,1.0
0.012021468551635741,0.0,1.0
0.012024799621582032,0.0,1.0
0.012026183807373046,0.0,1.0
0.012029270431518553,0.0,1.0
0.012030720550537109,0.0,1.0
0.012032192489624022,0.0,1.0
0.012032650802612304,0.0,1.0
0.012032999267578125,0.0,1.0
0.012034322143554689,0.0,1.0
0.012045006057739258,0.0,1.0
0.012047160552978517,0.0,1.0
0.012050097946166991,0.0,1.0
0.012052016387939452,0.0,1.0
0.012055093124389649,0.0,1.0
0.012057965438842773,0.0,1.0
0.012060132659912109,0.0,1.0
0.012064103973388671,0.0,1.0
0.012065105941772462,0.0,1.0
0.012066748596191406,0.0,1.0
0.012072623077392578,0.0,1.0
0.012076477310180663,0.0,1.0
0.012077759582519531,0.0,1.0
0.012079105621337892,0.0,1.0
0.012080729309082031,0.0,1.0
0.01209095394897461,0.0,1.0
0.01209232290649414,0.0,1.0
0.012092794052124023,0.0,1.0
0.012093027435302734,0.0,1.0
0.012096290481567382,0.0,1.0
0.012099127075195313,0.0,1.0
0.012100543243408202,0.0,1.0
0.012106885925292969,0.0,1.0
0.01212745718383789,0.0,1.0
0.01213160238647461,0.0,1.0
0.012131744094848634,0.0,1.0
0.012136945190429687,0.0,1.0
0.01214648651123047,0.0,1.0
0.012147724929809572,0.0,1.0
0.012156286102294921,0.0,1.0
0.012157930603027344,0.0,1.0
0.01215854850769043,0.0,1.0
0.012164959335327147,0.0,1.0
0.012166838195800781,0.0,1.0
0.012170805206298827,0.0,1.0
0.012180818786621094,0.0,1.0
0.012183156646728515,0.0,1.0
0.0121832274017334,0.0,1.0
0.01218344139099121,0.0,1.0
0.01218626806640625,0.0,1.0
0.012193107879638673,0.0,1.0
0.012195706771850586,0.0,1.0
0.012200937072753906,0.0,1.0
0.012202706970214843,0.0,1.0
0.012203949005126953,0.0,1.0
0.01220676222229004,0.0,1.0
0.012209621109008788,0.0,1.0
0.012232572463989257,0.0,1.0
0.01223416311645508,0.0,1.0
0.012235195419311522,0.0,1.0
0.012237784194946288,0.0,1.0
0.01223880303955078,0.0,1.0
0.012244680633544922,0.0,1.0
0.012246248977661132,0.0,1.0
0.012254013290405274,0.0,1.0
0.01225548860168457,0.0,1.0
0.012256695037841797,0.0,1.0
0.012259310089111327,0.0,1.0
0.012261222381591799,0.0,1.0
0.012265543243408202,0.0,1.0
0.012271335723876953,0.0,1.0
0.012271346572875977,0.0,1.0
0.012275641601562502,0.0,1.0
0.012276443725585938,0.0,1.0
0.012280383575439452,0.0,1.0
0.012298359146118164,0.0,1.0
0.012308323028564452,0.0,1.0
0.01231290267944336,0.0,1.0
0.012317949005126953,0.0,1.0
0.012336744537353516,0.0,1.0
0.012345277099609375,0.0,1.0
0.01235295623779297,0.0,1.0
0.012353127639770508,0.0,1.0
0.012353864349365234,0.0,1.0
0.012355515884399414,0.0,1.0
0.012356600860595703,0.0,1.0
0.012359195419311523,0.0,1.0
0.01237221940612793,0.0,1.0
0.01237276222229004,0.0,1.0
0.012382650802612303,0.0,1.0
0.012384153366088866,0.0,1.0
0.0123906767578125,0.0,1.0
0.012392086181640624,0.0,1.0
0.012394471084594728,0.0,1.0
0.012398454650878906,0.0,1.0
0.012402878372192382,0.0,1.0
0.012414160552978516,0.0,1.0
0.01241448860168457,0.0,1.0
0.012420391372680663,0.0,1.0
0.012423005737304687,0.0,1.0
0.012427384582519532,0.0,1.0
0.012427385910034179,0.0,1.0
0.012427812881469727,0.0,1.0
0.012430492660522461,0.0,1.0
0.012436999389648437,0.0,1.0
0.01243842869567871,0.0,1.0
0.012438474380493163,0.0,1.0
0.012449959854125977,0.0,1.0
0.012452383575439452,0.0,1.0
0.012455016387939452,0.0,1.0
0.012458929244995118,0.0,1.0
0.012478577239990234,0.0,1.0
0.012482219406127931,0.0,1.0
0.012484661529541015,0.0,1.0
0.012488043869018554,0.0,1.0
0.01249105484008789,0.0,1.0
0.01249921305847168,0.0,1.0
0.012502027435302734,0.0,1.0
0.01250795394897461,0.0,1.0
0.012512332870483398,0.0,1.0
0.012514657913208008,0.0,1.0
0.012520893051147463,0.0,1.0
0.012528632766723632,0.0,1.0
0.012542250305175782,0.0,1.0
0.01254735662841797,0.0,1.0
0.012557517654418945,0.0,1.0
0.012574828994750976,0.0,1.0
0.012590622879028322,0.0,1.0
0.01259426661682129,0.0,1.0
0.012595878540039062,0.0,1.0
0.012596360031127931,0.0,1.0
0.012596886856079102,0.0,1.0
0.01260142869567871,0.0,1.0
0.012608708419799806,0.0,1.0
0.01260919630432129,0.0,1.0
0.01261393426513672,0.0,1.0
0.012619197753906249,0.0,1.0
0.012626348098754884,0.0,1.0
0.012627600860595703,0.0,1.0
0.012629714645385742,0.0,1.0
0.012630692749023438,0.0,1.0
0.012631661529541014,0.0,1.0
0.012631725494384766,0.0,1.0
0.012639383575439452,0.0,1.0
0.012665219085693359,0.0,1.0
0.012670515884399413,0.0,1.0
0.01267635806274414,0.0,1.0
0.012680472747802735,0.0,1.0
0.01268764762878418,0.0,1.0
0.012719649841308594,0.0,1.0
0.012723760131835937,0.0,1.0
0.01272536003112793,0.0,1.0
0.012735545013427736,0.0,1.0
0.012750494476318359,0.0,1.0
0.012757416687011719,0.0,1.0
0.012759168350219726,0.0,1.0
0.01276970243835449,0.0,1.0
0.012779725494384766,0.0,1.0
0.012792192855834961,0.0,1.0
0.012793726699829101,0.0,1.0
0.012803749160766601,0.0,1.0
0.012804554977416992,0.0,1.0
0.012805322906494141,0.0,1.0
0.012813354888916016,0.0,1.0
0.012834004333496093,0.0,1.0
0.012839455505371094,0.0,1.0
0.012841235260009767,0.0,1.0
0.012848472747802734,0.0,1.0
0.012848774230957032,0.0,1.0
0.012860457626342773,0.0,1.0
0.012867393020629884,0.0,1.0
0.012867975326538085,0.0,1.0
0.012877796493530274,0.0,1.0
0.012883503952026367,0.0,1.0
0.012890504272460938,0.0,1.0
0.012916573623657227,0.0,1.0
0.012917731887817382,0.0,1.0
0.012923618026733398,0.0,1.0
0.012931937927246093,0.0,1.0
0.01293668179321289,0.0,1.0
0.012939379684448242,0.0,1.0
0.012952911407470704,0.0,1.0
0.012955517654418946,0.0,1.0
0.01296214387512207,0.0,1.0
0.012962348098754883,0.0,1.0
0.012967354888916016,0.0,1.0
0.012968408569335937,0.0,1.0
0.01299392924499512,0.0,1.0
0.013014898864746093,0.0,1.0
0.013027033477783204,0.0,1.0
0.013034275939941406,0.0,1.0
0.013035393020629884,0.0,1.0
0.013041767929077148,0.0,1.0
0.013043065933227538,0.0,1.0
0.013046534286499024,0.0,1.0
0.013056622879028321,0.0,1.0
0.013071942260742188,0.0,1.0
0.01308446517944336,0.0,1.0
0.013086656188964844,0.0,1.0
0.013096683990478517,0.0,1.0
0.01310514387512207,0.0,1.0
0.013130346572875977,0.0,1.0
0.01314435662841797,0.0,1.0
0.013145321380615234,0.0,1.0
0.0131949423828125,0.0,1.0
0.013224429260253906,0.0,1.0
0.013227515884399414,0.0,1.0
0.013231734375,0.0,1.0
0.01324289372253418,0.0,1.0
0.01324393426513672,0.0,1.0
0.013246708419799805,0.0,1.0
0.01326753598022461,0.0,1.0
0.013285616134643555,0.0,1.0
0.013286408569335937,0.0,1.0
0.013299624984741212,0.0,1.0
0.013303623123168944,0.0,1.0
0.01330894137573242,0.0,1.0
0.013312731887817382,0.0,1.0
0.013329350875854492,0.0,1.0
0.013329380523681642,0.0,1.0
0.013333480529785157,0.0,1.0
0.013344625732421875,0.0,1.0
0.013345832534790039,0.0,1.0
0.013356073440551758,0.0,1.0
0.01337165623474121,0.0,1.0
0.013371712005615235,0.0,1.0
0.013391069290161133,0.0,1.0
0.013403420181274413,0.0,1.0
0.01340449969482422,0.0,1.0
0.013405429260253905,0.0,1.0
0.01343189372253418,0.0,1.0
0.013445232025146484,0.0,1.0
0.013458073440551757,0.0,1.0
0.013470623123168945,0.0,1.0
0.01347211378479004,0.0,1.0
0.013489350875854492,0.0,1.0
0.013534758361816408,0.0,1.0
0.01353726533508301,0.0,1.0
0.01355233139038086,0.0,1.0
0.013554706817626955,0.0,1.0
0.013573680633544923,0.0,1.0
0.013579033477783204,0.0,1.0
0.013583386352539062,0.0,1.0
0.01359818606567383,0.0,1.0
0.013658391372680665,0.0,1.0
0.013677850814819335,0.0,1.0
0.013688082443237305,0.0,1.0
0.013696731887817382,0.0,1.0
0.013698068984985353,0.0,1.0
0.01370754722595215,0.0,1.0
0.013726423797607423,0.0,1.0
0.013742760131835938,0.0,1.0
0.01379667515563965,0.0,1.0
0.013814576278686524,0.0,1.0
0.013883814376831054,0.0,1.0
0.013916449798583985,0.0,1.0
0.013960803817749024,0.0,1.0
0.01399522138977051,0.0,1.0
0.014008403350830078,0.0,1.0
0.014029845993041992,0.0,1.0
0.014052104110717775,0.0,1.0
0.014057649841308594,0.0,1.0
0.014085218688964844,0.0,1.0
0.014124378799438477,0.0,1.0
0.014132268066406252,0.0,1.0
0.014132473739624023,0.0,1.0
0.01415854722595215,0.0,1.0
0.014186379684448244,0.0,1.0
0.014187082443237305,0.0,1.0
0.014220789031982423,0.0,1.0
0.014313814376831054,0.0,1.0
0.014315658721923828,0.0,1.0
0.014336741699218749,0.0,1.0
0.014353573623657228,0.0,1.0
0.014376845993041992,0.0,1.0
0.014392627395629883,0.0,1.0
0.014394199615478515,0.0,1.0
0.014415789031982422,0.0,1.0
0.014473528396606445,0.0,1.0
0.014489084899902345,0.0,1.0
0.0145049423828125,0.0,1.0
0.014521850814819336,0.0,1.0
0.014552154693603516,0.0,1.0
0.014604935760498048,0.0,1.0
0.014613284866333008,0.0,1.0
0.01462929945373535,0.0,1.0
0.01481522511291504,0.0,1.0
0.014876828002929688,0.0,1.0
0.014945835357666016,0.0,1.0
0.014970545989990236,0.0,1.0
0.015047299453735351,0.0,1.0
0.015056673309326172,0.0,1.0
0.015061284866333008,0.0,1.0
0.01510549447631836,0.0,1.0
0.015109377639770508,0.0,1.0
0.015193156906127929,0.0,1.0
0.015193706817626954,0.0,1.0
0.015216210784912108,0.0,1.0
0.01523822511291504,0.0,1.0
0.01525911378479004,0.0,1.0
0.015312837661743163,0.0,1.0
0.01532881167602539,0.0,1.0
0.015404814376831055,0.0,1.0
0.01543129945373535,0.0,1.0
0.015512877655029296,0.0,1.0
0.015855741699218752,0.0,1.0
0.016370545989990236,0.0,1.0
0.016397614715576173,0.0,1.0
0.016763084899902345,0.0,1.0
0.016765518798828125,0.0,1.0
0.01677774169921875,0.0,1.0
0.01680401756286621,0.0,1.0
0.017113257202148437,0.0,1.0
0.01722521078491211,0.0,1.0
0.017257982376098633,0.0,1.0
0.017503257202148438,0.0,1.0
0.01751481167602539,0.0,1.0
0.01751701756286621,0.0,1.0
0.0178118776550293,0.0,1.0
0.017831984619140626,0.0,1.0
0.01798474169921875,0.0,1.0
0.01849022511291504,0.0,1.0
0.018881803817749024,0.0,1.0
0.01911515690612793,0.0,1.0
0.01978141499328613,0.0,1.0
0.02023422511291504,0.0,1.0
0.020272991897583005,0.0,1.0
0.02139045217895508,0.0,1.0
0.021775614715576173,0.0,1.0
0.023076939834594724,0.0,1.0
0.023477257202148438,0.0,1.0
0.02388041499328613,0.0,1.0
0.023909939834594725,0.0,1.0
0.02488137629699707,0.0,1.0
0.025679991897583007,0.0,1.0
0.02588641499328613,0.0,1.0
0.034933991897583005,0.0,1.0
0.03770045217895508,0.0,1.0
1.5253519752349853,0.0,0.999
1.5272387475585938,0.0,0.998
1.5313829522705078,0.0,0.997
1.5344497879486083,0.0,0.996
1.535141395767212,0.0,0.995
1.5352669075622558,0.0,0.994
1.5352944641571045,0.0,0.993
1.5355624806671142,0.0,0.992
1.5357103397216796,0.0,0.991
1.5359541115875244,0.0,0.99
1.5365803968963623,0.0,0.989
1.53804198197937,0.0,0.988
1.538165205734253,0.0,0.987
1.5386005639648437,0.0,0.986
1.5386087344818116,0.0,0.985
1.5386315188446045,0.0,0.984
1.5386657912139892,0.0,0.983
1.538721323577881,0.0,0.982
1.5387805881958008,0.0,0.981
1.5388680899810792,0.0,0.98
1.5394276376342773,0.0,0.979
1.5395246728515626,0.0,0.978
1.5395851533050537,0.0,0.977
1.5399006536865234,0.0,0.976
1.5399961125640869,0.0,0.975
1.5400012907562255,0.0,0.974
1.540024338607788,0.0,0.973
1.5400353669738769,0.0,0.972
1.5401797955169678,0.0,0.971
1.5402902771759033,0.0,0.97
1.5403229851226807,0.0,0.969
1.5403783914031983,0.0,0.968
1.540391922088623,0.0,0.967
1.5404306434020996,0.0,0.966
1.5405153955841064,0.0,0.965
1.540568564453125,0.0,0.964
1.540633506072998,0.0,0.963
1.5406454054260255,0.0,0.962
1.5406753757324219,0.0,0.961
1.540818655456543,0.0,0.96
1.540822934539795,0.0,0.959
1.540894115463257,0.0,0.958
1.5409347936706543,0.0,0.957
1.5410257516021728,0.0,0.956
1.54106053074646,0.0,0.955
1.5412104540863036,0.0,0.954
1.5412330358276367,0.0,0.953
1.5412580497283936,0.0,0.952
1.541308136276245,0.0,0.951
1.541359959487915,0.0,0.95
1.5413740093994142,0.0,0.949
1.5414830785369873,0.0,0.948
1.5414874028167724,0.0,0.947
1.541493201522827,0.0,0.946
1.5415100462493896,0.0,0.945
1.5415110754852295,0.0,0.944
1.5415580147399903,0.0,0.943
1.541576570159912,0.0,0.942
1.5415996831817627,0.0,0.941
1.541600147003174,0.0,0.94
1.5416365978851319,0.0,0.939
1.541671658432007,0.0,0.938
1.5417209523773194,0.0,0.937
1.5417523908843993,0.0,0.936
1.5417573223876953,0.0,0.935
1.5417576452941895,0.0,0.934
1.541768946472168,0.0,0.933
1.541770053024292,0.0,0.932
1.5418041752471925,0.0,0.931
1.5418317966461181,0.0,0.93
1.5418417786865235,0.0,0.929
1.5418485467376708,0.0,0.928
1.541848707611084,0.0,0.927
1.541885567428589,0.0,0.926
1.5419059466705323,0.0,0.925
1.5419300778961182,0.0,0.924
1.5419432892761231,0.0,0.923
1.5419438613739014,0.0,0.922
1.5419719743957518,0.0,0.921
1.5419817958831787,0.0,0.92
1.5420077472686768,0.0,0.919
1.5420095982055664,0.0,0.918
1.5420726018218993,0.0,0.917
1.5420863949432373,0.0,0.916
1.5421297420043945,0.0,0.915
1.5421564120178224,0.0,0.914
1.5421947703704835,0.0,0.913
1.5422342156677247,0.0,0.912
1.5422713626403808,0.0,0.911
1.5424208974151612,0.0,0.91
1.5424570851287842,0.0,0.909
1.5424587689666749,0.0,0.908
1.542462024017334,0.0,0.907
1.5424701844482422,0.0,0.906
1.5424849981842041,0.0,0.905
1.5424886873626709,0.0,0.904
1.5425129473571777,0.0,0.903
1.542555626739502,0.0,0.902
1.5425888762817384,0.0,0.901
1.5425949497680664,0.0,0.9
1.5426441214904785,0.0,0.899
1.5426966340942383,0.0,0.898
1.542710796447754,0.0,0.897
1.5427124474182128,0.0,0.896
1.5427593863067628,0.0,0.895
1.542804254119873,0.0,0.894
1.542841593185425,0.0,0.893
1.5428938611755372,0.0,0.892
1.5429223313598635,0.0,0.891
1.5429383108520507,0.0,0.89
1.5429409222869872,0.0,0.889
1.5429537809906007,0.0,0.888
1.542953990310669,0.0,0.887
1.5429907320861815,0.0,0.886
1.543035660003662,0.0,0.885
1.5430405337219237,0.0,0.884
1.543044887573242,0.0,0.883
1.5430741463623048,0.0,0.882
1.543110112411499,0.0,0.881
1.543176501586914,0.0,0.88
1.5431843170471191,0.0,0.879
1.5431941000366212,0.0,0.878
1.5431951431884765,0.0,0.877
1.5432074415130614,0.0,0.876
1.5432564972076417,0.0,0.875
1.5432686935119628,0.0,0.874
1.5432871431884765,0.0,0.873
1.5433053892822266,0.0,0.872
1.5433441208496095,0.0,0.871
1.5433535501556397,0.0,0.87
1.543362351272583,0.0,0.869
1.5434028481597901,0.0,0.868
1.5434120170288086,0.0,0.867
1.5434243345184326,0.0,0.866
1.5434283419494628,0.0,0.865
1.5434762319030761,0.0,0.864
1.5434835413970946,0.0,0.863
1.5434847211151124,0.0,0.862
1.5435265958862305,0.0,0.861
1.5435410669708252,0.0,0.86
1.5435544530944825,0.0,0.859
1.5436075347747802,0.0,0.858
1.5436133281707765,0.0,0.857
1.5436171390991211,0.0,0.856
1.5436327727508545,0.0,0.855
1.543644733932495,0.0,0.854
1.5436687374725342,0.0,0.853
1.5436975745239256,0.0,0.852
1.543739128326416,0.0,0.851
1.5437403317871095,0.0,0.85
1.5438253796844483,0.0,0.849
1.5438502303771973,0.0,0.848
1.543870670211792,0.0,0.847
1.5438841574249267,0.0,0.846
1.543888892227173,0.0,0.845
1.5439012315826417,0.0,0.844
1.5439148338165283,0.0,0.843
1.5439737751159668,0.0,0.842
1.5439750758514403,0.0,0.841
1.5439796848754883,0.0,0.84
1.5439926789703369,0.0,0.839
1.5439950291290283,0.0,0.838
1.5440159463195802,0.0,0.837
1.5440291165924072,0.0,0.836
1.544057417327881,0.0,0.835
1.5440631245880128,0.0,0.834
1.544064125793457,0.0,0.833
1.5441145809020995,0.0,0.832
1.54412547164917,0.0,0.831
1.5441388212890625,0.0,0.83
1.5442007236480713,0.0,0.829
1.544205522277832,0.0,0.828
1.5442086717376708,0.0,0.827
1.544263286026001,0.0,0.826
1.5442651897583008,0.0,0.825
1.54427742918396,0.0,0.824
1.544279348587036,0.0,0.823
1.5442865629730225,0.0,0.822
1.544303412185669,0.0,0.821
1.5443039832458496,0.0,0.82
1.544313596847534,0.0,0.819
1.544315352279663,0.0,0.818
1.5443592268829345,0.0,0.817
1.5443693263244629,0.0,0.816
1.5443975270996093,0.0,0.815
1.5444434621276855,0.0,0.814
1.544483984085083,0.0,0.813
1.5445134645385743,0.0,0.812
1.5445148283538819,0.0,0.811
1.5445564923400878,0.0,0.81
1.544571610305786,0.0,0.809
1.5445828781433106,0.0,0.808
1.5445925896148682,0.0,0.807
1.5446130506591795,0.0,0.806
1.5446170614318848,0.0,0.805
1.5446331241455078,0.0,0.804
1.544649327331543,0.0,0.803
1.5446536806182862,0.0,0.802
1.5446610456390382,0.0,0.801
1.5446976886138917,0.0,0.8
1.5447102031402589,0.0,0.799
1.5447129134521485,0.0,0.798
1.5447241260375977,0.0,0.798
1.544742293914795,0.0,0.797
1.5447477305603028,0.0,0.796
1.544783193496704,0.0,0.795
1.5448269046936036,0.0,0.794
1.544887363571167,0.0,0.793
1.5448934426422118,0.0,0.792
1.544906267791748,0.0,0.791
1.5449073337249757,0.0,0.79
1.5449357236480712,0.0,0.789
1.5449498508148194,0.0,0.788
1.5449840484924315,0.0,0.787
1.5450115209503175,0.0,0.786
1.5450139712677002,0.0,0.785
1.5450550042572022,0.0,0.784
1.5450896926727296,0.0,0.783
1.5450930193634034,0.0,0.782
1.545096751739502,0.0,0.781
1.5451125783691406,0.0,0.78
1.54513187600708,0.0,0.779
1.5451444796905518,0.0,0.778
1.5451630014038087,0.0,0.777
1.5451703009338378,0.0,0.776
1.5452179111633302,0.0,0.775
1.5452363617248535,0.0,0.774
1.5453448345031737,0.0,0.773
1.5453638041687012,0.0,0.772
1.5454054663085937,0.0,0.771
1.5454390761871337,0.0,0.77
1.5454602303009033,0.0,0.769
1.5454844575500488,0.0,0.768
1.5455091276855468,0.0,0.767
1.5455323401489258,0.0,0.766
1.5455355050811768,0.0,0.765
1.5455378443908692,0.0,0.764
1.5455397443847656,0.0,0.763
1.5455906915893554,0.0,0.762
1.5456154228363037,0.0,0.761
1.5456582245941162,0.0,0.76
1.5456587863311768,0.0,0.759
1.5456659728393554,0.0,0.758
1.5456959799499512,0.0,0.757
1.5457170216064453,0.0,0.756
1.545731990158081,0.0,0.755
1.545755055847168,0.0,0.754
1.5457551260375977,0.0,0.754
1.5457800818023681,0.0,0.753
1.5457984863586425,0.0,0.752
1.545803319015503,0.0,0.751
1.545807294265747,0.0,0.75
1.5458235375518798,0.0,0.749
1.5458735894165039,0.0,0.748
1.5458833448486329,0.0,0.747
1.5458941260375976,0.0,0.746
1.5459106417541504,0.0,0.745
1.5459378098754883,0.0,0.744
1.545944524810791,0.0,0.743
1.5459449603881836,0.0,0.742
1.5459793686065675,0.0,0.741
1.5459870494995118,0.0,0.74
1.5459923082122804,0.0,0.74
1.5459969972686767,0.0,0.739
1.5460191761016846,0.0,0.738
1.5460212893676757,0.0,0.737
1.5460539580535888,0.0,0.736
1.5460568801879884,0.0,0.735
1.5461151797180175,0.0,0.734
1.5461264532928467,0.0,0.733
1.5461299820404053,0.0,0.732
1.546140321105957,0.0,0.731
1.546263337097168,0.0,0.73
1.5462744976501466,0.0,0.729
1.5462875619354248,0.0,0.728
1.54631638671875,0.0,0.727
1.5463223926239014,0.0,0.726
1.5463261174163818,0.0,0.726
1.5463518502960205,0.0,0.725
1.5463527177886962,0.0,0.724
1.5463773870391846,0.0,0.723
1.5464409972686768,0.0,0.722
1.54644704536438,0.0,0.721
1.5464501282196046,0.0,0.72
1.5464775432128905,0.0,0.719
1.54648101852417,0.0,0.718
1.5464819589385985,0.0,0.717
1.5464992513580322,0.0,0.716
1.5465123035888673,0.0,0.715
1.5465234557647705,0.0,0.714
1.5465338940124511,0.0,0.713
1.5465359489746093,0.0,0.712
1.5465485790100097,0.0,0.711
1.5465810903625488,0.0,0.71
1.5465865524139404,0.0,0.709
1.546587918685913,0.0,0.708
1.5466048711090088,0.0,0.707
1.5466271567382812,0.0,0.706
1.5466359593811034,0.0,0.705
1.5466604090576173,0.0,0.704
1.5466874510040283,0.0,0.703
1.5466979142608643,0.0,0.702
1.5467200149078368,0.0,0.701
1.5467219278411866,0.0,0.7
1.5467359414215087,0.0,0.699
1.5467397972259522,0.0,0.698
1.546774959503174,0.0,0.697
1.5468376813049316,0.0,0.696
1.5468400647277831,0.0,0.695
1.5468422513275146,0.0,0.694
1.546844867477417,0.0,0.693
1.546847542892456,0.0,0.692
1.5468594682006835,0.0,0.691
1.5468882050323487,0.0,0.69
1.546922498336792,0.0,0.689
1.5469234477539062,0.0,0.688
1.5469442566223144,0.0,0.687
1.5469639875488281,0.0,0.686
1.5469680186462402,0.0,0.685
1.5469772493896485,0.0,0.684
1.5469984822235108,0.0,0.683
1.5470444618530272,0.0,0.682
1.5470473938751221,0.0,0.681
1.5470514293670654,0.0,0.68
1.5470560992431641,0.0,0.679
1.547060358001709,0.0,0.678
1.5470910856628417,0.0,0.677
1.5470937298431398,0.0,0.676
1.5471706396026612,0.0,0.675
1.5472001491851806,0.0,0.674
1.547254777984619,0.0,0.673
1.5472639143829345,0.0,0.672
1.54726748387146,0.0,0.671
1.5472736895446777,0.0,0.67
1.5473345054473877,0.0,0.669
1.547358863571167,0.0,0.668
1.5473655937194823,0.0,0.667
1.5473740695953369,0.0,0.666
1.5473807654418945,0.0,0.665
1.5473864004211426,0.0,0.664
1.5473889079589844,0.0,0.663
1.547389619354248,0.0,0.662
1.5474203082122804,0.0,0.661
1.5474209507446288,0.0,0.66
1.5474306604156494,0.0,0.659
1.5474398253936767,0.0,0.658
1.5474451858673095,0.0,0.657
1.547465406829834,0.0,0.656
1.5475010943450929,0.0,0.655
1.5475144592437744,0.0,0.654
1.5476355660400392,0.0,0.653
1.5476575162963868,0.0,0.652
1.547666828201294,0.0,0.651
1.5476675742797852,0.0,0.651
1.5476728733215332,0.0,0.65
1.547676523086548,0.0,0.649
1.5477007886657714,0.0,0.648
1.5477743401947022,0.0,0.647
1.5478128206481934,0.0,0.646
1.547853051208496,0.0,0.645
1.5478597354278565,0.0,0.644
1.5478696506958007,0.0,0.643
1.5479169428710937,0.0,0.642
1.5479430998077393,0.0,0.641
1.5479568703155517,0.0,0.641
1.5479642851257325,0.0,0.64
1.5479780718841554,0.0,0.639
1.5479789113311768,0.0,0.638
1.54799486227417,0.0,0.637
1.5479986214904786,0.0,0.636
1.5479995742797852,0.0,0.635
1.5480157747650147,0.0,0.634
1.5480158118896485,0.0,0.633
1.5480185011901855,0.0,0.632
1.548102391342163,0.0,0.631
1.5481051397857666,0.0,0.63
1.5481058562469483,0.0,0.629
1.5481119745330811,0.0,0.628
1.5481462200622558,0.0,0.627
1.5481918860321044,0.0,0.626
1.5482052823791503,0.0,0.625
1.5482404030456542,0.0,0.624
1.5482429469299317,0.0,0.623
1.548245357711792,0.0,0.622
1.5482510667419433,0.0,0.621
1.5483400679473878,0.0,0.62
1.548350816268921,0.0,0.619
1.5483592686767578,0.0,0.618
1.5483853019866944,0.0,0.617
1.5484329400177002,0.0,0.616
1.5484442241210938,0.0,0.615
1.5484502043151855,0.0,0.614
1.5484651265258789,0.0,0.613
1.5484796897888184,0.0,0.612
1.5485035576019288,0.0,0.611
1.548523992980957,0.0,0.61
1.5485663815002442,0.0,0.61
1.5485665588073732,0.0,0.609
1.5485782675170898,0.0,0.608
1.5485976535491943,0.0,0.607
1.5486320843811034,0.0,0.606
1.5486406618652344,0.0,0.605
1.5486482904663086,0.0,0.604
1.5486621930236817,0.0,0.603
1.548672032470703,0.0,0.602
1.548745381500244,0.0,0.602
1.548788820449829,0.0,0.601
1.5488020300598144,0.0,0.6
1.5488167704315186,0.0,0.599
1.5488251571044922,0.0,0.598
1.5489125844421388,0.0,0.597
1.5489842162475587,0.0,0.596
1.549015365753174,0.0,0.595
1.5490874007110595,0.0,0.594
1.5490921543884277,0.0,0.593
1.549119815307617,0.0,0.592
1.5491278569335938,0.0,0.591
1.549134427947998,0.0,0.59
1.5491619894409179,0.0,0.589
1.549195318222046,0.0,0.588
1.5492437218933106,0.0,0.587
1.5492627666931151,0.0,0.586
1.5492628287658692,0.0,0.585
1.5492725310058593,0.0,0.584
1.5493035062561036,0.0,0.583
1.5493416443481445,0.0,0.582
1.5493573815002442,0.0,0.581
1.5493623753967285,0.0,0.58
1.5493641356506347,0.0,0.579
1.5493827174377441,0.0,0.578
1.5494133539428712,0.0,0.577
1.549458991973877,0.0,0.576
1.5494899631652832,0.0,0.575
1.5494996692199707,0.0,0.574
1.5495033745117188,0.0,0.573
1.5496047206115724,0.0,0.573
1.5496118337554932,0.0,0.572
1.5496214566345214,0.0,0.571
1.5496663046417236,0.0,0.57
1.549670674041748,0.0,0.569
1.5497126720733643,0.0,0.568
1.5497513734283448,0.0,0.567
1.549846223602295,0.0,0.566
1.5498474428558349,0.0,0.565
1.5498476868591309,0.0,0.564
1.5498593899841309,0.0,0.563
1.5498770067596435,0.0,0.562
1.549884002380371,0.0,0.561
1.54989248046875,0.0,0.56
1.5499144983825683,0.0,0.559
1.5499541089019775,0.0,0.558
1.5499993500823974,0.0,0.557
1.550007376602173,0.0,0.556
1.550018043685913,0.0,0.555
1.5500333287506103,0.0,0.554
1.550050355682373,0.0,0.553
1.5500739269256592,0.0,0.552
1.5501544569702148,0.0,0.551
1.5501712616119385,0.0,0.55
1.5501953690490722,0.0,0.549
1.550199781600952,0.0,0.548
1.5502643578796387,0.0,0.547
1.550276701324463,0.0,0.546
1.5502938155517578,0.0,0.545
1.550316727203369,0.0,0.545
1.5503547512664795,0.0,0.544
1.550388959350586,0.0,0.543
1.5503936306915282,0.0,0.542
1.5504106706390381,0.0,0.541
1.550428105117798,0.0,0.54
1.5504336296539307,0.0,0.539
1.5504367206115723,0.0,0.538
1.5504475819549561,0.0,0.537
1.5505094132080077,0.0,0.536
1.550518445388794,0.0,0.535
1.5505562359008789,0.0,0.534
1.5505688315887451,0.0,0.533
1.5505701902160645,0.0,0.532
1.5505767998809814,0.0,0.531
1.5506043174591064,0.0,0.53
1.5507205590972901,0.0,0.529
1.550725170288086,0.0,0.528
1.5507342572021485,0.0,0.527
1.550758605178833,0.0,0.526
1.5507611082305908,0.0,0.525
1.5507670325164795,0.0,0.524
1.5507849646148681,0.0,0.523
1.5508060448913574,0.0,0.522
1.5508554981842042,0.0,0.521
1.5509061090545653,0.0,0.52
1.5509239579467773,0.0,0.519
1.5509254846038818,0.0,0.518
1.5509558703155517,0.0,0.517
1.5509724622650147,0.0,0.516
1.550991482635498,0.0,0.515
1.550993317703247,0.0,0.514
1.5510025752868652,0.0,0.513
1.5510138736114503,0.0,0.512
1.55103600579834,0.0,0.511
1.5511423201141357,0.0,0.51
1.5511516344299316,0.0,0.509
1.5511635260314942,0.0,0.508
1.5511773416900634,0.0,0.507
1.5511912214813233,0.0,0.506
1.5512071268157959,0.0,0.505
1.5512094639129639,0.0,0.504
1.5512171640625,0.0,0.503
1.5512251925506593,0.0,0.502
1.5512722322845458,0.0,0.501
1.5512847784881592,0.0,0.5
1.5512888981628419,0.0,0.499
1.5513001510925293,0.0,0.498
1.551341280380249,0.0,0.497
1.5513869998931884,0.0,0.496
1.551419290222168,0.0,0.495
1.5514444643554688,0.0,0.494
1.5514478243560792,0.0,0.493
1.551471391433716,0.0,0.492
1.5515411436920166,0.0,0.491
1.551549434020996,0.0,0.49
1.5516288280181885,0.0,0.489
1.551680650100708,0.0,0.488
1.5516820183410645,0.0,0.487
1.5516895586547852,0.0,0.486
1.551691960800171,0.0,0.485
1.551696557296753,0.0,0.484
1.5517477315826416,0.0,0.483
1.5517505345458984,0.0,0.482
1.5517737639312743,0.0,0.481
1.551813536315918,0.0,0.48
1.5518388945465087,0.0,0.479
1.5518600166625978,0.0,0.478
1.5518614748077393,0.0,0.477
1.5518716783905029,0.0,0.476
1.5518730004577637,0.0,0.475
1.5518817272033691,0.0,0.474
1.5518995183563233,0.0,0.473
1.5519105053405762,0.0,0.472
1.5519312613372802,0.0,0.471
1.5519452148590087,0.0,0.47
1.5519453194732666,0.0,0.469
1.5520027769622802,0.0,0.468
1.552004794342041,0.0,0.467
1.5520611794128418,0.0,0.466
1.5520880663909913,0.0,0.465
1.552130127822876,0.0,0.464
1.5521500579528809,0.0,0.463
1.5521557249450684,0.0,0.463
1.5521577133026123,0.0,0.462
1.552201117416382,0.0,0.461
1.552212088821411,0.0,0.46
1.5523676538391113,0.0,0.459
1.5523721794128418,0.0,0.458
1.552383284439087,0.0,0.457
1.5524090312347412,0.0,0.456
1.5524206766204833,0.0,0.455
1.5524268006896973,0.0,0.455
1.552460299194336,0.0,0.454
1.552465459777832,0.0,0.453
1.5525868006896972,0.0,0.452
1.5525911842346192,0.0,0.451
1.5525951187438964,0.0,0.45
1.5526338679504395,0.0,0.449
1.5526350464630128,0.0,0.448
1.5526549093322752,0.0,0.447
1.552693698638916,0.0,0.446
1.5527309096069335,0.0,0.445
1.5527340182189941,0.0,0.444
1.552782495376587,0.0,0.443
1.5527841920318604,0.0,0.442
1.5527882569580078,0.0,0.441
1.5528135966644288,0.0,0.44
1.5529486288909913,0.0,0.439
1.5529759375,0.0,0.438
1.552982956954956,0.0,0.437
1.5529919989166259,0.0,0.436
1.5529938874359133,0.0,0.435
1.5530259614868165,0.0,0.434
1.5530358540496827,0.0,0.433
1.5530477613983154,0.0,0.432
1.5530551460723876,0.0,0.431
1.5530629428863525,0.0,0.43
1.5530669462280273,0.0,0.429
1.5531010380706787,0.0,0.428
1.5531211072540283,0.0,0.427
1.5531911927185058,0.0,0.426
1.5532279211883544,0.0,0.425
1.5532341917114258,0.0,0.424
1.5533232363891603,0.0,0.423
1.553340501083374,0.0,0.422
1.5533898995056152,0.0,0.421
1.553442035095215,0.0,0.42
1.5534495757751465,0.0,0.419
1.5534860284271241,0.0,0.418
1.5535534508666993,0.0,0.417
1.5535698325958252,0.0,0.416
1.5535775638427733,0.0,0.415
1.5535949409179688,0.0,0.414
1.5536105173187256,0.0,0.413
1.5536331345367431,0.0,0.412
1.5536371876525878,0.0,0.411
1.5536511870269776,0.0,0.41
1.5536715236663818,0.0,0.409
1.5537461844787597,0.0,0.408
1.5537932919158937,0.0,0.407
1.5538430467071533,0.0,0.406
1.5538676485137939,0.0,0.405
1.5538740219573974,0.0,0.404
1.553893134979248,0.0,0.403
1.5539213146972657,0.0,0.402
1.5540078291015624,0.0,0.401
1.5540177488250733,0.0,0.4
1.5540229125518799,0.0,0.399
1.5540281703796386,0.0,0.398
1.554064386856079,0.0,0.397
1.5540801766052246,0.0,0.396
1.5541002307739258,0.0,0.395
1.5541038248443604,0.0,0.394
1.5541153410949706,0.0,0.393
1.5541187129058838,0.0,0.392
1.5541671378326416,0.0,0.391
1.554287028427124,0.0,0.39
1.5543232692565918,0.0,0.389
1.5543304218139649,0.0,0.388
1.5543435886383057,0.0,0.387
1.5543773729248047,0.0,0.386
1.5544034693450928,0.0,0.385
1.55442478125,0.0,0.384
1.5544991277160645,0.0,0.383
1.5546270398406983,0.0,0.382
1.5546608699645996,0.0,0.381
1.5546688948822023,0.0,0.38
1.5546699626159668,0.0,0.379
1.5546930299987793,0.0,0.378
1.554764097213745,0.0,0.377
1.5547709986572265,0.0,0.376
1.5548113600616456,0.0,0.375
1.5548113787841797,0.0,0.374
1.5548731267852782,0.0,0.373
1.5549105756988526,0.0,0.372
1.5549163009185791,0.0,0.371
1.5549209067993164,0.0,0.371
1.5549224263153076,0.0,0.37
1.5549361380767823,0.0,0.369
1.554967799331665,0.0,0.368
1.5549856423950195,0.0,0.367
1.5550009938354492,0.0,0.366
1.555054677230835,0.0,0.365
1.555081929550171,0.0,0.364
1.5550827250823975,0.0,0.363
1.5551318399505616,0.0,0.362
1.5551353692626952,0.0,0.361
1.5551622231750488,0.0,0.36
1.5551891614227296,0.0,0.359
1.5551926008605956,0.0,0.358
1.555194873703003,0.0,0.357
1.5551953491363526,0.0,0.356
1.5552331850891112,0.0,0.355
1.5552542406921386,0.0,0.354
1.5552774801940916,0.0,0.353
1.5552871220855713,0.0,0.352
1.5553339394836425,0.0,0.351
1.5553636374969482,0.0,0.35
1.555365605529785,0.0,0.349
1.5553724600982666,0.0,0.349
1.555422730026245,0.0,0.348
1.5554335518341065,0.0,0.347
1.5554704671783448,0.0,0.346
1.55549803666687,0.0,0.345
1.5555224835357666,0.0,0.344
1.5555233877868653,0.0,0.343
1.555535164352417,0.0,0.342
1.5555441366119385,0.0,0.341
1.5555572931823731,0.0,0.34
1.555563960006714,0.0,0.339
1.55568251953125,0.0,0.338
1.5556837844696045,0.0,0.337
1.555778468826294,0.0,0.336
1.5557914447174073,0.0,0.335
1.555871602142334,0.0,0.334
1.5558952678985596,0.0,0.333
1.555901349456787,0.0,0.332
1.5559036489868163,0.0,0.331
1.5559086575927734,0.0,0.33
1.555956275100708,0.0,0.33
1.5560309067993165,0.0,0.329
1.5560564812469482,0.0,0.328
1.5560589966888427,0.0,0.327
1.5560815667419434,0.0,0.326
1.5560948793945313,0.0,0.325
1.556102738708496,0.0,0.324
1.5561591713867187,0.0,0.323
1.5562337105407715,0.0,0.322
1.5562343464508057,0.0,0.322
1.556257976119995,0.0,0.321
1.5562872627105713,0.0,0.32
1.556291446166992,0.0,0.319
1.5562960316467285,0.0,0.318
1.5563045683898926,0.0,0.317
1.5563066296234132,0.0,0.316
1.5563084090423585,0.0,0.315
1.5563782996368407,0.0,0.314
1.5564086902923584,0.0,0.313
1.556418293487549,0.0,0.312
1.5565940864105225,0.0,0.311
1.5566009345397949,0.0,0.31
1.5566180616607665,0.0,0.309
1.5566189394378662,0.0,0.308
1.5566516447296141,0.0,0.307
1.5567042156677247,0.0,0.306
1.5567176043548585,0.0,0.305
1.556732012161255,0.0,0.304
1.5567338256530763,0.0,0.303
1.5567450992279053,0.0,0.302
1.5567468867645264,0.0,0.301
1.5568044122161866,0.0,0.3
1.5568524079589843,0.0,0.299
1.5568686407928467,0.0,0.298
1.5569113748931884,0.0,0.297
1.5569171831207276,0.0,0.296
1.556929429534912,0.0,0.295
1.556943654373169,0.0,0.294
1.5569833516693115,0.0,0.293
1.5570161209259032,0.0,0.292
1.5570391366119385,0.0,0.292
1.5571030050506591,0.0,0.291
1.5571212576904296,0.0,0.29
1.5571279655151367,0.0,0.289
1.5571415565795899,0.0,0.288
1.557145991607666,0.0,0.287
1.557173947555542,0.0,0.286
1.5571815458984377,0.0,0.285
1.5571971673736573,0.0,0.284
1.5572229431762696,0.0,0.283
1.5572375126647948,0.0,0.282
1.5572687578735351,0.0,0.281
1.5572733484954835,0.0,0.28
1.5572759983825684,0.0,0.279
1.5572923464508057,0.0,0.278
1.557341201889038,0.0,0.277
1.557373735534668,0.0,0.276
1.5574025166015626,0.0,0.275
1.557403470840454,0.0,0.274
1.5574124467773438,0.0,0.273
1.5574188091430663,0.0,0.272
1.5574803345947266,0.0,0.271
1.5575520830841065,0.0,0.27
1.55761864453125,0.0,0.269
1.5576403733673096,0.0,0.268
1.55766456880188,0.0,0.267
1.557696441268921,0.0,0.266
1.5577241651611329,0.0,0.265
1.5577440786590575,0.0,0.264
1.5577765239562988,0.0,0.263
1.5577864888000488,0.0,0.262
1.5577951234588625,0.0,0.261
1.557825248413086,0.0,0.26
1.557830079864502,0.0,0.259
1.5578743478546142,0.0,0.258
1.5578947116699218,0.0,0.257
1.557895388595581,0.0,0.256
1.5579013422698975,0.0,0.255
1.5579210525054932,0.0,0.254
1.5579358265838623,0.0,0.253
1.5579836587219238,0.0,0.252
1.5580089461517332,0.0,0.251
1.5580241043395997,0.0,0.25
1.5580560508575438,0.0,0.249
1.5580762532348633,0.0,0.248
1.558095263244629,0.0,0.247
1.558104182723999,0.0,0.246
1.5581131845703124,0.0,0.245
1.55812114503479,0.0,0.244
1.5581945631713867,0.0,0.243
1.5581996903686524,0.0,0.242
1.5582278016052244,0.0,0.241
1.5582303067932128,0.0,0.24
1.558247796005249,0.0,0.239
1.5582701106872558,0.0,0.238
1.5582963814849853,0.0,0.237
1.5583117149658203,0.0,0.236
1.5583220843658447,0.0,0.235
1.5583478811035156,0.0,0.234
1.5583593567352294,0.0,0.233
1.5584639557952882,0.0,0.232
1.5584857432556152,0.0,0.231
1.5584944424743652,0.0,0.23
1.5585053172454835,0.0,0.229
1.558512826019287,0.0,0.228
1.5585202441558839,0.0,0.227
1.5585297218780518,0.0,0.226
1.5585305017395021,0.0,0.225
1.558551742248535,0.0,0.224
1.5585687077331543,0.0,0.223
1.5586177888946533,0.0,0.222
1.5586902162322998,0.0,0.221
1.5587166302185058,0.0,0.22
1.558717528137207,0.0,0.219
1.5587579345397948,0.0,0.219
1.5588036231994629,0.0,0.218
1.5588122463684082,0.0,0.217
1.558820360031128,0.0,0.216
1.5588460698242188,0.0,0.215
1.5588531883087158,0.0,0.214
1.558865712677002,0.0,0.213
1.5588892751007082,0.0,0.212
1.5589126607666015,0.0,0.211
1.5589463524780274,0.0,0.21
1.5589526168518066,0.0,0.209
1.5589538916778565,0.0,0.208
1.5589688954467773,0.0,0.207
1.558984710708618,0.0,0.206
1.5590053944244384,0.0,0.205
1.5590104259643556,0.0,0.204
1.5590143325195311,0.0,0.204
1.5590684144744873,0.0,0.203
1.5590804012145996,0.0,0.202
1.5591285454559327,0.0,0.201
1.5591467093811036,0.0,0.2
1.5591539050140382,0.0,0.199
1.5591928046875,0.0,0.198
1.5592397951660155,0.0,0.197
1.5592399156188965,0.0,0.196
1.5593190502166747,0.0,0.195
1.559338239227295,0.0,0.194
1.5594025590362548,0.0,0.193
1.5594357190246582,0.0,0.192
1.5594513545684814,0.0,0.191
1.5594625195007323,0.0,0.19
1.5595365953979492,0.0,0.189
1.559580093170166,0.0,0.188
1.559618359237671,0.0,0.187
1.5596219848480224,0.0,0.186
1.5596496772460937,0.0,0.185
1.55969421723938,0.0,0.184
1.5597154038391112,0.0,0.183
1.5597292881774902,0.0,0.182
1.5597400782623292,0.0,0.181
1.5597559596557617,0.0,0.18
1.5598402699584961,0.0,0.179
1.5598478974609375,0.0,0.178
1.5598597600097657,0.0,0.177
1.5598666673583985,0.0,0.176
1.5598739712677,0.0,0.175
1.5598902843780518,0.0,0.174
1.5598928606567384,0.0,0.173
1.559895806335449,0.0,0.172
1.5599007825164795,0.0,0.171
1.559942564743042,0.0,0.17
1.5599648220062257,0.0,0.169
1.559992704925537,0.0,0.168
1.5600012608337401,0.0,0.167
1.5600857580413818,0.0,0.166
1.5600867604522706,0.0,0.165
1.560092621520996,0.0,0.164
1.560174048980713,0.0,0.163
1.5602382429962158,0.0,0.162
1.5602417897033691,0.0,0.161
1.560253650970459,0.0,0.16
1.5603051802368164,0.0,0.16
1.5603085224761963,0.0,0.159
1.560323014099121,0.0,0.158
1.5603349733581542,0.0,0.157
1.560439276184082,0.0,0.156
1.5604459961395263,0.0,0.155
1.560610122619629,0.0,0.154
1.5606299243011474,0.0,0.153
1.5606415155334472,0.0,0.152
1.560687117263794,0.0,0.151
1.5606878871765137,0.0,0.15
1.5607029255065918,0.0,0.149
1.5607775505218506,0.0,0.148
1.560778675918579,0.0,0.147
1.5607976458740234,0.0,0.146
1.5608651180419921,0.0,0.145
1.56089193359375,0.0,0.144
1.5608997845611572,0.0,0.143
1.5609032162017822,0.0,0.142
1.5609266319732666,0.0,0.141
1.5609411714019776,0.0,0.14
1.5609550333862305,0.0,0.139
1.5609764391479493,0.0,0.138
1.560984724533081,0.0,0.137
1.5609925246887206,0.0,0.136
1.561001565109253,0.0,0.135
1.5610277250976563,0.0,0.134
1.5610323612823487,0.0,0.133
1.561039827331543,0.0,0.132
1.5610494631347656,0.0,0.131
1.5610578359985352,0.0,0.13
1.5610759053039551,0.0,0.129
1.5610945909423828,0.0,0.128
1.5611344340057374,0.0,0.127
1.5611521802368165,0.0,0.126
1.5611779355926514,0.0,0.125
1.5611893593139647,0.0,0.124
1.5612039238586426,0.0,0.123
1.5612760973510742,0.0,0.122
1.5612765210723878,0.0,0.121
1.5612775426483154,0.0,0.12
1.5613017291564941,0.0,0.119
1.5613340077514648,0.0,0.118
1.5613512646942138,0.0,0.117
1.5614484092712402,0.0,0.116
1.561519258987427,0.0,0.115
1.5615500544433594,0.0,0.114
1.561564910522461,0.0,0.113
1.5616163312835694,0.0,0.112
1.5616205405578614,0.0,0.111
1.561634234802246,0.0,0.11
1.5616551625213624,0.0,0.109
1.5617787064971924,0.0,0.108
1.5618989800720215,0.0,0.107
1.5619039145812987,0.0,0.106
1.5619930972747802,0.0,0.105
1.5620093800506591,0.0,0.104
1.5620723239593506,0.0,0.103
1.5621408616333008,0.0,0.102
1.562162100326538,0.0,0.101
1.5621796450653076,0.0,0.1
1.5622145604095459,0.0,0.099
1.5622848212890625,0.0,0.098
1.5623894868011474,0.0,0.097
1.5624230921020508,0.0,0.096
1.562539371170044,0.0,0.095
1.5625894199066162,0.0,0.094
1.5626728618774415,0.0,0.094
1.5627723325195313,0.0,0.093
1.562891603164673,0.0,0.093
1.5629340669403076,0.0,0.092
1.562961459121704,0.0,0.091
1.5629633139953614,0.0,0.09
1.5630477847290039,0.0,0.089
1.563243733139038,0.0,0.088
1.5632553162078857,0.0,0.087
1.5633047163848877,0.0,0.086
1.5633578114471436,0.0,0.085
1.5634522378234863,0.0,0.084
1.5634558589782714,0.0,0.083
1.563494603164673,0.0,0.082
1.5635497474060058,0.0,0.082
1.5637567160644532,0.0,0.081
1.563851084701538,0.0,0.08
1.5639295108337403,0.0,0.079
1.5639462927856445,0.0,0.078
1.5641567369995117,0.0,0.077
1.5641790176849366,0.0,0.076
1.564190942993164,0.0,0.075
1.564193747406006,0.0,0.074
1.5642603172149658,0.0,0.073
1.5643011930236816,0.0,0.072
1.5643507749786376,0.0,0.071
1.5644387249450682,0.0,0.07
1.5644558618774416,0.0,0.069
1.564562624862671,0.0,0.068
1.5645870811767577,0.0,0.067
1.5646003878479005,0.0,0.066
1.5646265948486329,0.0,0.065
1.5648346614227295,0.0,0.064
1.5648442765960693,0.0,0.063
1.564887886505127,0.0,0.062
1.5651606716308595,0.0,0.061
1.5652937499389648,0.0,0.06
1.5653108290100097,0.0,0.059
1.5654628542022706,0.0,0.058
1.565534779434204,0.0,0.057
1.5657616476135254,0.0,0.056
1.5658318514709473,0.0,0.055
1.5659803015899658,0.0,0.054
1.5660868224639892,0.0,0.053
1.5660883152160645,0.0,0.052
1.5660955534210206,0.0,0.052
1.5662444600982666,0.0,0.051
1.5662890610809326,0.0,0.05
1.5663048152313233,0.0,0.049
1.5664311483612061,0.0,0.048
1.5664809064788818,0.0,0.047
1.5665913480377198,0.0,0.046
1.5668913538665772,0.0,0.045
1.5669798924560547,0.0,0.044
1.567132622177124,0.0,0.043
1.5672119939117433,0.0,0.042
1.5672684568023683,0.0,0.041
1.567462179458618,0.0,0.04
1.5676763230895996,0.0,0.039
1.5677748195343018,0.0,0.038
1.567781487258911,0.0,0.037
1.5678806390533446,0.0,0.036
1.5679150028686524,0.0,0.035
1.5679331869659423,0.0,0.034
1.5680495500183105,0.0,0.033
1.5680499103393555,0.0,0.032
1.568251540939331,0.0,0.031
1.5682774058990478,0.0,0.03
1.5682784973449706,0.0,0.029
1.5684571379547119,0.0,0.028
1.5686528292999267,0.0,0.027
1.5687005988769531,0.0,0.026
1.569211551635742,0.0,0.025
1.5693404565734863,0.0,0.024
1.5697273223419188,0.0,0.023
1.5698540469512938,0.0,0.022
1.569932955596924,0.0,0.021
1.5699729923553467,0.0,0.02
1.5699746490631104,0.0,0.019
1.5704674578552247,0.0,0.018
1.5706878108673095,0.0,0.017
1.5708504773101806,0.0,0.016
1.5708829615325928,0.0,0.015
1.5720828709716799,0.0,0.014
1.5722479736328125,0.0,0.013
1.5722818491973878,0.0,0.012
1.5729135150756837,0.0,0.011
1.5731305877227784,0.0,0.01
1.5736884224700927,0.0,0.009
1.5739320040893554,0.0,0.008
1.5756625919036866,0.0,0.007
1.576116747756958,0.0,0.006
1.5769805185394288,0.0,0.005
1.5770452552947998,0.0,0.004
1.579717644668579,0.0,0.003
1.581005262573242,0.0,0.002
1.5854424645233154,0.0,0.001
1.6090745534210205,0.0,0.001
1.6100345534210205,0.0,0.0
